AddEventEmail,AddEventEmail_de_DE,AddEventEmail_en_US,AddEventEmail_lt_LT,AddEventEmail_ru_RU,Address,Address_de_DE,Address_en_US,Address_lt_LT,Address_ru_RU,AllowPurchase,AppID,BasePrice,BookingCom,BookingCom_de_DE,BookingCom_en_US,BookingCom_lt_LT,BookingCom_ru_RU,CanEditType,CanViewType,CateringKitchen,CateringKitchen_de_DE,CateringKitchen_en_US,CateringKitchen_lt_LT,CateringKitchen_ru_RU,ConferenceBedsNumber,ConferenceBedsNumber_de_DE,ConferenceBedsNumber_en_US,ConferenceBedsNumber_lt_LT,ConferenceBedsNumber_ru_RU,ConferencePlace,ConferencePlace_de_DE,ConferencePlace_en_US,ConferencePlace_lt_LT,ConferencePlace_ru_RU,ConferenceRoomsNumber,ConferenceRoomsNumber_de_DE,ConferenceRoomsNumber_en_US,ConferenceRoomsNumber_lt_LT,ConferenceRoomsNumber_ru_RU,Content,Content_de_DE,Content_en_US,Content_lt_LT,Content_ru_RU,CostPrice,Depth,Email,Email_de_DE,Email_en_US,Email_lt_LT,Email_ru_RU,EventDateFrom,EventDateTo,EventTPlace,EventTPlace_de_DE,EventTPlace_en_US,EventTPlace_lt_LT,EventTPlace_ru_RU,EventTicketAddress,EventTicketAddress_de_DE,EventTicketAddress_en_US,EventTicketAddress_lt_LT,EventTicketAddress_ru_RU,EventTicketPlace,EventTicketPlace_de_DE,EventTicketPlace_en_US,EventTicketPlace_lt_LT,EventTicketPlace_ru_RU,EventTime,ExportToApp,ExtraMeta,ExtraMeta_de_DE,ExtraMeta_en_US,ExtraMeta_lt_LT,ExtraMeta_ru_RU,Featured,Featured_de_DE,Featured_en_US,Featured_lt_LT,Featured_ru_RU,HasBrokenFile,HasBrokenLink,Height,ID,ImageID,ImageLayout,InternalItemID,LocaleFilter_de_DE,LocaleFilter_en_US,LocaleFilter_lt_LT,LocaleFilter_ru_RU,MainImageID,MenuTitle,MenuTitle_de_DE,MenuTitle_en_US,MenuTitle_lt_LT,MenuTitle_ru_RU,MetaDescription,MetaDescription_de_DE,MetaDescription_en_US,MetaDescription_lt_LT,MetaDescription_ru_RU,Model,ParentID,Phone,Phone_de_DE,Phone_en_US,Phone_lt_LT,Phone_ru_RU,Popularity,Priority,ProductCategories,ProductMapID,Qty,Recommended,Recommended_de_DE,Recommended_en_US,Recommended_lt_LT,Recommended_ru_RU,ReportClass,ReportClass_de_DE,ReportClass_en_US,ReportClass_lt_LT,ReportClass_ru_RU,Route,ShopDate,ShopDuration,ShopDuration_de_DE,ShopDuration_en_US,ShopDuration_lt_LT,ShopDuration_ru_RU,ShopInformation,ShopInformation_de_DE,ShopInformation_en_US,ShopInformation_lt_LT,ShopInformation_ru_RU,ShopOrganizer,ShopOrganizer_de_DE,ShopOrganizer_en_US,ShopOrganizer_lt_LT,ShopOrganizer_ru_RU,ShopTime,ShowFrom,ShowInMenus,ShowInSearch,ShowInTopMenus,ShowTo,Site,Site_de_DE,Site_en_US,Site_lt_LT,Site_ru_RU,Sort,StatusMail,TicetPrice,TicetPrice_de_DE,TicetPrice_en_US,TicetPrice_lt_LT,TicetPrice_ru_RU,Title,Title_de_DE,Title_en_US,Title_lt_LT,Title_ru_RU,TripAdvisor,TripAdvisor_de_DE,TripAdvisor_en_US,TripAdvisor_lt_LT,TripAdvisor_ru_RU,Type,URLSegment,URLSegment_de_DE,URLSegment_en_US,URLSegment_lt_LT,URLSegment_ru_RU,VAT,Version,Weight,Width,WorkingHours,WorkingHours_de_DE,WorkingHours_en_US,WorkingHours_lt_LT,WorkingHours_ru_RU,href
,,,,,,,,,,1,0,"12,00",,,,,,Inherit,Inherit,,,,,,,,,,,,,,,,,,,,,<p>     </p>,,<p>     </p>,"<p>Maišelis <span>„Kauno Žemėlapis""  su Kauno miesto savivaldybės dovana, grafikos dizainerės </span>Eglės Majauskaitės, kūriniu ""Šiuolaikinio Kauno Žemėlapis"".  <span>Tai žemėlapis, kuriame pavaizduotas </span><span>šiandieninis Kaunas – nenuspėjamas, veržlus, stebinantis ir atviras naujovėms. </span></p><p>Pirkinių maišeli: dydis 37x44 cm, rankenų ilgis 60 cm, audinys - poliesteris, gaminta „Native Lt"". </p>",,"9,90",0,,,,,,,,,,,,,,,,,,,,,,,,0,,,,,,0,0,0,0,0,0,0,0,2731,0,vertical,,0,1,1,0,10491,Bag &quot;Kaunas map&quot;,,Bag &quot;Kaunas map&quot;,Maišelis „Kauno žemėlapis&quot;,,,,,,,,107,,,,,,0,,"
",1991,0,0,0,0,1,0,,,,,,0,,,,,,,"Shopping bag &quot;Kaunas map&quot; - it is a bag with printed Contemporary Kaunas city map - a present from Kaunas city Municipality. The author <br />
 - graphic designer E. Majauskaitė. On this map You will find different Kaunas - Contemporary, astonishing, young and always surprising.<br />
<br />
Shopping bag size 37x44 cm, handle lenght 60 cm, fabric - polyester, made by „Native Lt&quot;. ",,"Shopping bag &quot;Kaunas map&quot; - it is a bag with printed Contemporary Kaunas city map - a present from Kaunas city Municipality. The author <br />
 - graphic designer E. Majauskaitė. On this map You will find different Kaunas - Contemporary, astonishing, young and always surprising.<br />
<br />
Shopping bag size 37x44 cm, handle lenght 60 cm, fabric - polyester, made by „Native Lt&quot;. ","Maišelis „Kauno Žemėlapis&quot;  su Kauno miesto savivaldybės dovana, grafikos dizainerės Eglės Majauskaitės, kūriniu &quot;Šiuolaikinio Kauno Žemėlapis&quot;.  Tai žemėlapis, kuriame pavaizduotas šiandieninis Kaunas – nenuspėjamas, veržlus, stebinantis ir atviras naujovėms.<br />
<br />
Pirkinių maišelis: dydis 37x44 cm, rankenų ilgis 60 cm, audinys - poliesteris, gaminta „Native Lt&quot;. ",,,,,,,,,0,1,0,,,,,,,1,,,,,,,Bag &quot;Kaunas map&quot;,,Bag &quot;Kaunas map&quot;,Maišelis „Kauno žemėlapis&quot;,,,,,,,ShopProduct,bag-kaunas-map,,bag-kaunas-map,maiselis,,21,19,0.2,0,,,,,,http://visit.kaunas.lt/api/v1/ShopProduct/2731.xml
,,,,,,,,,,1,1057,"0,00",,,,,,LoggedInUsers,Anyone,,,,,,,,,,,,,,,,,,,,,"<p>Kaunas Old Town and its vicinities sailing rivers Nemunas and Neris. Trip  duration 1.2 hours. Sailing up river Nemunas under the old bridge of Aleksotas and by Žalgiris Arena on the island Nemunas – the heart of basketball in Kaunas. You will enjoy Kaunas architectural heritage of Old and New Town from different perspective. We will sail the confluence of rivers Nemunas and Neris and up the river Neris along Kaunas castle, which was built to protect city from attacks of Teutonic Knights and is the oldest brick castle in Lithuania. The boat will arrive to the place of departure by the Church of Vytautas the Great.</p>",,"<p>Kaunas Old Town and its vicinities sailing rivers Nemunas and Neris. Trip  duration 1.2 hours. Sailing up river Nemunas under the old bridge of Aleksotas and by Žalgiris Arena on the island Nemunas – the heart of basketball in Kaunas. You will enjoy Kaunas architectural heritage of Old and New Town from different perspective. We will sail the confluence of rivers Nemunas and Neris and up the river Neris along Kaunas castle, which was built to protect city from attacks of Teutonic Knights and is the oldest brick castle in Lithuania. The boat will arrive to the place of departure by the Church of Vytautas the Great.</p>","<p>Kelionės metu laivu ""Kaunas"" plauksite aukštyn upe, pro senąjį Vytauto tiltą, Aleksoto gyvenvietę iki naujai pastatytos „Žalgirio"" arenos. Plaukimo metu pamatysite Kauno senamiesčio grožį, architektūros paveldą. Taip pat turėsite galimybę pamatyti Lietuvos didžiausių upių Nemuno ir Neries santaką, įplaukti į Nerį ir pasigrožėti XIII a. Kauno pilimi iš arti.<br>Kelionę baigsite prie unikalios gotikinio stiliaus Vytauto Didžiojo prisikėlimo bažnyčios, iš kur kelionę ir pradėjote.</p>",,"0,00",0,info@nemunastravel.lt,,info@nemunastravel.lt,info@kaunasin.lt,,,,,,,,,,,,,,,,,,,,0,,,,,,0,0,0,0,0,0,0,0,822,0,horizantal,,0,1,1,0,0,Boat trip along Kaunas old town,,Boat trip along Kaunas old town,Kelionė laivu po Kauno senamiestį,,,,,,,,106,+370 609 86 020,,+370 609 86 020,+370 616 50 991,,0,,"
",668,10,1,0,1,1,0,,,,,,0,,1.20 hours,,1.20 hours,1.20 val.,,Please register by phone +370 609 86 020 after you purchase tickets ,,Please register by phone +370 609 86 020 after you purchase tickets ,SVARBU. Įsigiję bilietus šiems plaukimui turite užsiregistruoti norimai datai telefonu +370 609 86 020. ,,Nemunas travel,,Nemunas travel,UAB Nemunas travel,,,,1,1,0,,,,,,,1,,"3,73 - 6,73 EUR",,"3,73 - 6,73 EUR","3,73 - 6,73 EUR",,Boat trip along Kaunas old town,,Boat trip along Kaunas old town,Kelionė laivu po Kauno senamiestį,,,,,,,ShopProduct,boat-trip-along-kaunas-old-town,,boat-trip-along-kaunas-old-town,kelione-laivu-po-kauno-senamiesti,,21,35,0,0,,,,,,http://visit.kaunas.lt/api/v1/ShopProduct/822.xml
,,,,,,,,,,1,0,"15,70",,,,,,Inherit,Inherit,,,,,,,,,,,,,,,,,,,,,<p> <span>You can pick up the ordered guide at Kaunas Tourism information office Rotušės a. 15</span></p><p> </p><p> </p>,,<p> <span>You can pick up the ordered guide at Kaunas Tourism information office Rotušės a. 15</span></p><p> </p><p> </p>,<p>Užsakytą prekę galite atsiimti turizmo informacijos centre adresu Rotušės a. 15.</p>,,"14,40",0,info@kaunasin.lt,,info@kaunasin.lt,info@kaunasin.lt,,,,,,,,,,,,,,,,,,,,0,,,,,,0,0,0,0,0,0,0,0,2083,0,vertical,,0,1,1,0,10482,Book “Kaunas Street Art Guide”,,Book “Kaunas Street Art Guide”,Knyga „Kauno gatvės meno gidas”,,,,,,,,107,+370 37 323 436,,+370 37 323 436,+370 616 23828,,0,,"
",1634,0,0,0,0,0,0,,,,,,0,,,,,,,"“Kaunas Street Art Guide” is the first publication introducing street art in Kaunas. It is a collection of the most prominent examples of street art in Kaunas together with their descriptions, introduction of their authors and Kaunas Street Art Map.<br />
<br />
“Next to the usual routes and official city narratives, we offer You to discover a different, more colourful and interesting Kaunas; have a look at what it has to offer”<br />
<br />
Creative team of Kaunas Street Art Festival NYKOKA",,"“Kaunas Street Art Guide” is the first publication introducing street art in Kaunas. It is a collection of the most prominent examples of street art in Kaunas together with their descriptions, introduction of their authors and Kaunas Street Art Map.<br />
<br />
“Next to the usual routes and official city narratives, we offer You to discover a different, more colourful and interesting Kaunas; have a look at what it has to offer”<br />
<br />
Creative team of Kaunas Street Art Festival NYKOKA","Kauno gatvės meno gidas - tai pirmasis Kauno gatvės meną pristatantis leidinys, kuriame pateikiami svarbiausi gatvės meno kūriniai. Tai yra 128 puslapiai pilni gatvės meno – 20 menininkų ir 40 svarbiausių kūrinių aprašymų, daugiau nei 100 nuotraukų kartu su  integruotu Kauno gatvės meno žemėlapiu – kūrinių adresais ir kitomis detalėmis.<br />
<br />
Kauno gatvės meno festivalis NYKOKA",,-,,-,-,,,2017-03-07,0,1,0,,,,,,,6,,,,,,,Book “Kaunas Street Art Guide”,,Book “Kaunas Street Art Guide”,Knyga „Kauno gatvės meno gidas”,,,,,,,ShopProduct,book-kaunas-street-art-guide,,book-kaunas-street-art-guide,knyga-kauno-gatves-meno-gidas,,9,40,0.3,0,,,,,,http://visit.kaunas.lt/api/v1/ShopProduct/2083.xml
,,,,,,,,,,1,0,"13,80",,,,,,Inherit,Inherit,,,,,,,,,,,,,,,,,,,,,<p>You can pick up the ordered t-shirt at Kaunas Tourism information office at Rotušės a. 15 or get it by post.</p>,,<p>You can pick up the ordered t-shirt at Kaunas Tourism information office at Rotušės a. 15 or get it by post.</p>,"<p>Užsakytą prekę galite gauti paštu, sumokėję už pašto išlaidas arba atsiimti turizmo informacijos centre adresu Rotušės a. 15. </p>",,"0,00",0,,,,,,,,,,,,,,,,,,,,,,,,1,,,,,,0,0,0,0,0,0,0,0,3152,0,vertical,,0,1,1,0,14139,boys t-shirt &quot;Little Kaunasian&quot;,,boys t-shirt &quot;Little Kaunasian&quot;,Vaikiški marškinėliai  „Mažasis kaunietis&quot;,,,,,,,,107,,,,,,0,,"
",2147,0,0,0,0,0,0,,,,,,0,,,,,,,"Boys t-shirt for little kaunasians with printed Kaunas map. It&#039;s a Contemporary Kaunas city map - a present from Kaunas city Municipality. The author - graphic designer E. Majauskaitė. On this map You will find different Kaunas - Contemporary, astonishing, young and always surprising. <br />
Size 96-104 cm.",,"Boys t-shirt for little kaunasians with printed Kaunas map. It&#039;s a Contemporary Kaunas city map - a present from Kaunas city Municipality. The author - graphic designer E. Majauskaitė. On this map You will find different Kaunas - Contemporary, astonishing, young and always surprising. <br />
Size 96-104 cm.","Vaikiški marškinėliai mažajam kauniečiui su Kauno žemėlapiu. Tai grafikos dizainerės Eglės Majauskaitės kūrinys &quot;Šiuolaikinio Kauno Žemėlapis&quot;, kuriame pavaizduotas šiandieninis Kaunas – nenuspėjamas, veržlus, stebinantis ir atviras naujovėms. <br />
Dydis - 96-104, 3-4 metų vaikui.",,,,,,,,,0,1,0,,,,,,,7,,,,,,,boys t-shirt &quot;Little Kaunasian&quot;,,boys t-shirt &quot;Little Kaunasian&quot;,Vaikiški marškinėliai  „Mažasis kaunietis&quot;,,,,,,,ShopProduct,girls-t-shirt-little-kaunasian-2,,girls-t-shirt-little-kaunasian-2,vaikiski-marskineliai-mazoji-kauniete-arba-mazasis-kaunietis,,21,21,0.3,0,,,,,,http://visit.kaunas.lt/api/v1/ShopProduct/3152.xml
,,,,,,,,,,1,0,"7,70",,,,,,Inherit,Inherit,,,,,,,,,,,,,,,,,,,,,,,,,,"0,00",0,,,,,,,,,,,,,,,,,,,,,,,,1,,,,,,0,0,0,0,0,0,0,0,2797,0,vertical,,1,1,1,1,10485,Cap It&#039;s Kaunastic,,Cap It&#039;s Kaunastic,Kepuraitė „It&#039;s Kaunastic&quot;,,,,,,,,107,,,,,,0,,"
",2033,0,0,0,0,0,0,,,,,,0,,,,,,,"Cap &quot;It&#039;s Kaunastic&quot;<br />
You can purchase it online or in our Toursim Information Center, Rotušės a. 15",,"Cap &quot;It&#039;s Kaunastic&quot;<br />
You can purchase it online or in our Toursim Information Center, Rotušės a. 15","Kepuraitė „It&#039;s Kaunastic&quot;<br />
Galima įsigyti internetu arba Turizmo Informacijos Centre, Rotušės a. 15",,,,,,,,,0,1,0,,,,,,,5,,,,,,,Cap It&#039;s Kaunastic,,Cap It&#039;s Kaunastic,Kepuraitė „It&#039;s Kaunastic&quot;,,,,,,,ShopProduct,naujas-parduotuves-objektas-2,,naujas-parduotuves-objektas-2,kepuraite-its-kaunastic,,21,11,0.3,0,,,,,,http://visit.kaunas.lt/api/v1/ShopProduct/2797.xml
,,,,,,,,,,1,0,"7,70",,,,,,Inherit,Inherit,,,,,,,,,,,,,,,,,,,,,,,,,,"0,00",0,,,,,,,,,,,,,,,,,,,,,,,,1,,,,,,0,0,0,0,0,0,0,0,2796,0,vertical,,1,1,1,1,10488,Cap Kaunas loves Vilnius,,Cap Kaunas loves Vilnius,Kepuraitė „Kaunas myli Vilnių&quot;,,,,,,,,107,,,,,,0,,"
",2032,0,0,0,0,0,0,,,,,,0,,,,,,,"Cap Kaunas loves Vilnius <br />
You can purchase it online, or in our Tourism information centre, Rotušės. a. 15",,"Cap Kaunas loves Vilnius <br />
You can purchase it online, or in our Tourism information centre, Rotušės. a. 15","Kepuraitė „Kaunas myli Vilnių&quot;. <br />
Galima įsigyti internetu arba Turizmo Informacijos Centre, Rotušės a. 15",,,,,,,,,0,1,0,,,,,,,4,,,,,,,Cap Kaunas loves Vilnius,,Cap Kaunas loves Vilnius,Kepuraitė „Kaunas myli Vilnių&quot;,,,,,,,ShopProduct,cap-kaunas-loves-vilnius,,cap-kaunas-loves-vilnius,kepuraite-kaunas-myli-vilniu,,21,13,0.3,0,,,,,,http://visit.kaunas.lt/api/v1/ShopProduct/2796.xml
,,,,,,,,,,1,0,"8,00",,,,,,Inherit,Inherit,,,,,,,,,,,,,,,,,,,,,,,,,,"0,00",0,,,,,,,,,,,,,,,,,,,,,,,,0,,,,,,0,0,0,0,0,0,0,0,3166,0,vertical,,1,1,1,1,0,Christmas bauble,,Christmas bauble,Kalėdinis žaisliukas,,,,,,,,107,,,,,,0,,"
",2151,0,0,0,0,0,0,,,,,,0,,,,,,,"Christmas bauble is available online or at the Tourist Information Center, Rotušės a. 15, Kaunas.",,"Christmas bauble is available online or at the Tourist Information Center, Rotušės a. 15, Kaunas.","Kalėdinį It&#039;s Kaunastic žaisliuką galima įsigyti internetu arba Turizmo Informacijos Centre, Rotušės a. 15, Kaunas.",,,,,,,,,0,1,0,,,,,,,35,,,,,,,Christmas bauble,,Christmas bauble,Kalėdinis žaisliukas,,,,,,,ShopProduct,christmas-bauble,,christmas-bauble,kaledinis-its-kaunastic-zaisliukas,,21,11,0.25,0,,,,,,http://visit.kaunas.lt/api/v1/ShopProduct/3166.xml
,,,,,,,,,,1,28986,"2,10",,,,,,Inherit,Inherit,,,,,,,,,,,,,,,,,,,,,<p>  </p>,,<p>  </p>,<p>Pirkimo metu galėsite pasirinkti pristatymą registruota siunta (už papildomą mokestį) arba atsiėmimą Kauno turizmo informacijos centre (Rotušės a. 15).</p>,,"1,93",0,,,,,,,,,,,,,,,,,,,,,,,,1,,,,,,0,0,0,0,0,0,0,0,994,0,vertical,,0,1,1,0,10442,Coloring Book  &quot;Colour Kaunas Intewar&quot;,,Coloring Book  &quot;Colour Kaunas Intewar&quot;,SPALVINIMO KNYGUTĖ &quot;NUSPALVINK KAUNO TARPUKARĮ&quot;,,,,,,,,107,+370 616 23828,,+370 616 23828,+370 616 23828,,0,,"

",807,0,0,0,0,0,0,,,,,,0,,,,,,,"Coloring book presents a unique inter-war modernist architecture in Kaunas. In 2015, Kaunas, famous for its interwar modernism architecture, received the European Heritage Label. It represents today the outstanding heritage of a flourishing golden period when the city of Kaunas was the temporary capital of Lithuania. Europe starts in Kaunas of 1919-1940!",,"Coloring book presents a unique inter-war modernist architecture in Kaunas. In 2015, Kaunas, famous for its interwar modernism architecture, received the European Heritage Label. It represents today the outstanding heritage of a flourishing golden period when the city of Kaunas was the temporary capital of Lithuania. Europe starts in Kaunas of 1919-1940!","&quot;Nuspalvink Kauno tarpukarį” (angl. Colour Kaunas Interwar) knygelė skirta ne tik vaikams, bet ir suaugusiems. Tai – galimybė dar geriau pažinti Laikinosios sostinės istoriją ir ją reprezentuojantį paveldą, pasineriant į nuostabų meno terapijos pasaulį.<br />
Knygutės formatas - A4 (210x297 mm).",,-,,-,-,,,,0,1,0,,,,,,,9,,,,,,,Coloring Book  &quot;Colour Kaunas Intewar&quot;,,Coloring Book  &quot;Colour Kaunas Intewar&quot;,SPALVINIMO KNYGUTĖ &quot;NUSPALVINK KAUNO TARPUKARĮ&quot;,,,,,,,ShopProduct,spalvinimo-knygute-nuspalvink-kauno-tarpukari,,spalvinimo-knygute-nuspalvink-kauno-tarpukari,spalvinimo-knygute-nuspalvink-kauno-tarpukari,,9,42,0.15,0,,,,,,http://visit.kaunas.lt/api/v1/ShopProduct/994.xml
,,,,,,,,,,1,0,"3,40",,,,,,Inherit,Inherit,,,,,,,,,,,,,,,,,,,,,,,,,,"0,00",0,,,,,,,,,,,,,,,,,,,,,,,,0,,,,,,0,0,0,0,0,0,0,0,2115,0,vertical,,0,1,1,0,10494,Cotton bag &quot;It&#039;s Kaunastic&quot;,,Cotton bag &quot;It&#039;s Kaunastic&quot;,Medvilninis maišelis &quot;It&#039;s Kaunastic&quot;,,,,,,,,107,,,,,,0,,"
",1661,0,0,0,0,0,0,,,,,,0,,,,,,,,,,,,,,,,,,,0,1,0,,,,,,,3,,,,,,,Cotton bag &quot;It&#039;s Kaunastic&quot;,,Cotton bag &quot;It&#039;s Kaunastic&quot;,Medvilninis maišelis &quot;It&#039;s Kaunastic&quot;,,,,,,,ShopProduct,cotton-bag-its-kaunastic,,cotton-bag-its-kaunastic,medvilninis-maiselis-its-kaunastic,,21,19,0.1,0,,,,,,http://visit.kaunas.lt/api/v1/ShopProduct/2115.xml
,,,,,,,,,,1,0,"1,10",,,,,,Inherit,Inherit,,,,,,,,,,,,,,,,,,,,,,,,,,"0,00",0,,,,,,,,,,,,,,,,,,,,,,,,1,,,,,,0,0,0,0,0,0,0,0,3268,0,horizantal,,0,1,1,0,0,Floral bicycle postcard,,Floral bicycle postcard,Atvirlaiškis &quot;Dviratis&quot;,,,,,,,,107,,,,,,0,,"
",2220,0,0,0,0,0,0,,,,,,0,,,,,,,This postcard was inspired by folk &amp; modern versions of Lithuania: it’s crafty tradition and contemporary vibe.,,This postcard was inspired by folk &amp; modern versions of Lithuania: it’s crafty tradition and contemporary vibe.,"Atvirlaiškis, kuriame lietuvių liaudies ornamentika apjungiama kartu su netikėtais ir lengvai atpažįstamais šių dienų simboliais.",,,,,,,,,0,1,0,,,,,,,31,,,,,,,Floral bicycle postcard,,Floral bicycle postcard,Atvirlaiškis &quot;Dviratis&quot;,,,,,,,ShopProduct,floral-bicycle-postcard,,floral-bicycle-postcard,atvirlaiskis-dviratis,,21,4,0.1,0,,,,,,http://visit.kaunas.lt/api/v1/ShopProduct/3268.xml
,,,,,,,,,,1,0,"1,10",,,,,,Inherit,Inherit,,,,,,,,,,,,,,,,,,,,,,,,,,"0,00",0,,,,,,,,,,,,,,,,,,,,,,,,1,,,,,,0,0,0,0,0,0,0,0,3270,0,horizantal,,0,1,1,0,0,Floral deer postcard,,Floral deer postcard,Atvirlaiškis &quot;Elnias&quot;,,,,,,,,107,,,,,,0,,"
",2222,0,0,0,0,0,0,,,,,,0,,,,,,,Inspired by folk &amp; modern versions of Lithuania: it’s crafty tradition and contemporary vibe.,,Inspired by folk &amp; modern versions of Lithuania: it’s crafty tradition and contemporary vibe.,"Atvirlaiškis, kuriame lietuvių liaudies ornamentika apjungiama kartu su netikėtais ir lengvai atpažįstamais šių dienų simboliais.",,,,,,,,,0,1,0,,,,,,,34,,,,,,,Floral deer postcard,,Floral deer postcard,Atvirlaiškis &quot;Elnias&quot;,,,,,,,ShopProduct,floral-deer-postcard,,floral-deer-postcard,atvirlaiskis-elnias,,21,4,0.1,0,,,,,,http://visit.kaunas.lt/api/v1/ShopProduct/3270.xml
,,,,,,,,,,1,0,"1,10",,,,,,Inherit,Inherit,,,,,,,,,,,,,,,,,,,,,,,,,,"0,00",0,,,,,,,,,,,,,,,,,,,,,,,,1,,,,,,0,0,0,0,0,0,0,0,3269,0,horizantal,,0,1,1,0,0,Garden window postcard,,Garden window postcard,Atvirlaiškis &quot;Langas&quot;,,,,,,,,107,,,,,,0,,"
",2221,0,0,0,0,0,0,,,,,,0,,,,,,,Inspired by folk &amp; modern versions of Lithuania: it’s crafty tradition and contemporary vibe.,,Inspired by folk &amp; modern versions of Lithuania: it’s crafty tradition and contemporary vibe.,"Atvirlaiškis, kuriame lietuvių liaudies ornamentika apjungiama kartu su netikėtais ir lengvai atpažįstamais šių dienų simboliais.",,,,,,,,,0,1,0,,,,,,,32,,,,,,,Garden window postcard,,Garden window postcard,Atvirlaiškis &quot;Langas&quot;,,,,,,,ShopProduct,garden-window-postcard,,garden-window-postcard,atvirlaiskis-langas,,21,4,0.1,0,,,,,,http://visit.kaunas.lt/api/v1/ShopProduct/3269.xml
,,,,,,,,,,1,0,"13,80",,,,,,Inherit,Inherit,,,,,,,,,,,,,,,,,,,,,<p>You can pick up the ordered t-shirt at Kaunas Tourism information office at Rotušės a. 15 or get it by post.</p>,,<p>You can pick up the ordered t-shirt at Kaunas Tourism information office at Rotušės a. 15 or get it by post.</p>,"<p>Užsakytą prekę galite gauti paštu, sumokėję už pašto išlaidas arba atsiimti turizmo informacijos centre adresu Rotušės a. 15. </p>",,"0,00",0,,,,,,,,,,,,,,,,,,,,,,,,0,,,,,,0,0,0,0,0,0,0,0,4098,0,vertical,,1,1,1,1,14140,girls t-shirt &quot;Little Kaunasian&quot;,,girls t-shirt &quot;Little Kaunasian&quot;,Vaikiški marškinėliai &quot;Mažoji kaunietė&quot;,,,,,,,,107,,,,,,0,,"
",2840,0,0,0,0,0,0,,,,,,0,,,,,,,"Girls t-shirt for little kaunasians, with printed Kaunas map. It&#039;s a Contemporary Kaunas city map - a present from Kaunas city Municipality. The author - graphic designer E. Majauskaitė. On this map You will find different Kaunas - Contemporary, astonishing, young and always surprising. <br />
Size 96-104 cm.",,"Girls t-shirt for little kaunasians, with printed Kaunas map. It&#039;s a Contemporary Kaunas city map - a present from Kaunas city Municipality. The author - graphic designer E. Majauskaitė. On this map You will find different Kaunas - Contemporary, astonishing, young and always surprising. <br />
Size 96-104 cm.","Marškinėliai vasarai - mažajai kaunietei. Balti marškinėliai su grafikos dizainerės Eglės Majauskaitės kūriniu &quot;Šiuolaikinio Kauno Žemėlapis&quot;. Tai žemėlapis, kuriame pavaizduotas šiandieninis Kaunas – nenuspėjamas, veržlus, stebinantis ir atviras naujovėms. Visai toks - koks ir yra mažasis kaunietis.<br />
Dydis 96-104 cm.<br />
",,,,,,,,,0,1,0,,,,,,,8,,,,,,,girls t-shirt &quot;Little Kaunasian&quot;,,girls t-shirt &quot;Little Kaunasian&quot;,Vaikiški marškinėliai &quot;Mažoji kaunietė&quot;,,,,,,,ShopProduct,girls-t-shirt-little-kaunasian-3,,girls-t-shirt-little-kaunasian-3,marskineliai-mazieji-kaunieciai,,21,10,0.2,0,,,,,,http://visit.kaunas.lt/api/v1/ShopProduct/4098.xml
,,,,,,,,,,1,0,"13,40",,,,,,Inherit,Inherit,,,,,,,,,,,,,,,,,,,,,"<div id=""tab-description"" class=""tab-content"">
<p>    You can pick up the ordered handbag at Kaunas Tourism information office Rotušės a. 15 or get it by post.</p>
</div>",,"<div id=""tab-description"" class=""tab-content"">
<p>    You can pick up the ordered handbag at Kaunas Tourism information office Rotušės a. 15 or get it by post.</p>
</div>","<div id=""tab-description"" class=""tab-content"">
<p>Užsakytą prekę galite gauti paštu, užmokėję už pašto išlaidas arba atsiimti turizmo informacijos centre adresu Rotušės a. 15. </p>
</div>",,"11,10",0,,,,,,,,,,,,,,,,,,,,,,,,0,,,,,,0,0,0,0,0,0,0,0,3886,0,vertical,,1,1,1,1,13355,Handbag &quot;Kaunas places&quot;,,Handbag &quot;Kaunas places&quot;,Maišelis Kaunas,,,,,,,,107,,,,,,0,,"
",2670,0,0,0,0,1,0,,,,,,0,,,,,,,"Colorful handbag &quot;Kaunas places&quot;. Here you will find most of well known Kaunas places ©  author Tadas Bujanauskas. Made by &quot;Native&quot;<br />
<br />
Size: 35x44 cm; Material: polyester; handle lengh: 55 cm;.",,"Colorful handbag &quot;Kaunas places&quot;. Here you will find most of well known Kaunas places ©  author Tadas Bujanauskas. Made by &quot;Native&quot;<br />
<br />
Size: 35x44 cm; Material: polyester; handle lengh: 55 cm;.","Žaismingas krepšys su Kauno objektais. Ryškus ir spalvotas - visai toks, koks Kaunas yra šiandien. Čia rasite atpažįstamų miesto objektų, kuriuos kasdien matote Kaune. <br />
Piešinio autorius © Tadas Bujanauskas. Pagaminta &quot;Native&quot;<br />
<br />
Dydis: 35x44 cm; Audinys: poliesteris; Rankenų ilgis: 55 cm.",,,,,,,,,0,1,0,,,,,,,1,,,,,,,Handbag &quot;Kaunas places&quot;,,Handbag &quot;Kaunas places&quot;,Maišelis Kaunas,,,,,,,ShopProduct,handbag-kaunas-places,,handbag-kaunas-places,maiselis-kaunas,,21,29,0.2,0,,,,,,http://visit.kaunas.lt/api/v1/ShopProduct/3886.xml
,,,,,,,,,,1,988,"0,00",,,,,,Inherit,Inherit,,,,,,,,,,,,,,,,,,,,,"<p>The trip commences at Old Town Wharf of Kaunas near the Church of Vytautas The Great.<br>You will enjoy the most prominent architecture of  Kaunas Old Town from different perspective. The ship will sail through the confluence of rivers Nemunas and Neris, and later the waters of river Nevėžis will join Nemunas. The sightseeings of old and modern architecture of Kaunas District will follow you until town Kačerginė is reached. A stopover for 1:30 hours will allow you to stroll around Kačerginė places of interest and pinewood. Historically Kačerginė is famous to locals by its natural beauty and attracts visitors for fresh pine-scented air therapy.<br>The ship is also available for private group hire. A variaty of routes and time tables are      available for groups.</p>","<p>Während der Fahrt werden Sie an der Burg von Kaunas, am malerischen Zusammenfluss von Nemunas/Memel und Neris, an der Siedlung von Lampedžiai vorbei fahren, sie werden den Nebenfluss vom Nevežis Fluss sehen und einen Blick auf die Stadt Raudondvaris werfen. Nach der Ankunft in Kačerginė haben sie die Möglichkeit, 1,5 Stunden lang durch die Stadt zu flanieren und spazieren zu gehen, Sehenswürdigkeiten zu besuchen - oder sich einfach im Kiefernwald entspannen. Kačergine hat schon seit langen Zeiten die Besucher durch die Schönheit seiner Natur und die frische Luft des Kiefernwaldes fasziniert.</p>","<p>The trip commences at Old Town Wharf of Kaunas near the Church of Vytautas The Great.<br>You will enjoy the most prominent architecture of  Kaunas Old Town from different perspective. The ship will sail through the confluence of rivers Nemunas and Neris, and later the waters of river Nevėžis will join Nemunas. The sightseeings of old and modern architecture of Kaunas District will follow you until town Kačerginė is reached. A stopover for 1:30 hours will allow you to stroll around Kačerginė places of interest and pinewood. Historically Kačerginė is famous to locals by its natural beauty and attracts visitors for fresh pine-scented air therapy.<br>The ship is also available for private group hire. A variaty of routes and time tables are      available for groups.</p>","<p>Tiems, kam pabodo miesto šurmulys ir norisi ramybės, kviečiame laivu „Kaunas“ plaukti į Kačerginę-poilsio ir pušynų oazę.<br>Kelionės metu turėsite galimybę pasigrožėti didžiausios Lietuvos upės-Nemuno peizažais, vaizdinga Nemuno ir Neries santaka, Lampėdžių gyvenviete. Taip pat žvilgsniu palydėsite Nevėžio upės intaką ir Raudondvario miestelio stogus. Atplaukus į Kačerginę Jus pasitiks gidas, kuris papasakos apie Kačerginės istoriją, lankytinas vietas bei pakvies aplankyti garsaus rašytojo P. Mašioto namą su išpuoselėtu, gausiu medinių skulptūrų kiemeliu. Kačerginėje pasivaikščiojimams ir ekskursijai skiriama 1:45val. O norintys savarankiškai pasibūti, galės patys pasižvalgyti po miestelį, lankytinus objektus ar tiesiog pailsėti bei papietauti pušyne. Kačerginėje veikia keletas parduotuvių ir kavinė ""Kačerga“. Nuo seno Kačerginė traukė keleivius savo gamtos grožiu ir grynu pušyno oru. Kelionės vykdomos susirinkus 10 žmonių grupei.</p><p>1. Elektroniniu būdu įsigiję bilietus keleiviai turi būti užregistruoti norimam plaukimui tel.: +370 646 29060 arba +370 609 86020.<br>2. Plaukimai laivu ""Kaunas"" vykdomi tik susirinkus 10 žmonių grupei.<br>3. Neįvykus kelionei pageidaujamai datai, Organizatorius (Nemunas Travel, UAB bilietų pirkejui pasiūlo sekančio reiso kelionę.<br>4. Pirkėjai, bilietus įsigiję elektroniniu būdu ir pageidaujantys sąskaitos-faktūros, turi per 2 dienas po bilieto įsigijimo kreiptis į bilietų platintoją telefonu <span>+370 616 23828.</span><br>5. Keleivis privalo atvykti į laivą 15 min prieš kelionę.<br>6. Prieš kelionę keleivis laive privalo pateikti iš Kaunas IN gautą užsakymo sąskaitą, kuri atsiunčiama iš karto po apmokėjimo patvirtinimo.</p>","<p>Bo время путешествия проплывете мимо Каунасского замка, места слияния Немана и Нериса, местечка Лампеджяй, увидите как Невежис впадает в Неман и проводите взглядом городок Раудондварис. Прибыв в Качергине будете иметь 1,5 часа свободного времени для прогулок по городку, обзора местных достопримечательностей и прoсто для отдыха в сосновом лесу. Качергине со старых времен привлекает посетителей красотой природы и чистым сосновым воздухом.</p>","0,00",0,info@nemunastravel.lt,info@nemunastravel.lt,info@nemunastravel.lt,info@kaunasin.lt,info@nemunastravel.lt,,,,,,,,,,,,,,,,,,,0,,,,,,0,0,0,0,0,0,0,0,854,0,horizantal,,0,1,1,0,0,Kaunas - Kačerginė - Kaunas,KAUNAS - KAČERGINĖ - KAUNAS,Kaunas - Kačerginė - Kaunas,Kaunas - Kačerginė - Kaunas,KAUNAS - KAČERGINĖ - KAUNAS,,,,,,,106,+370 609 86 020,+370 609 86 020,+370 609 86 020,+370 616 23 828,+370 609 86 020,0,,"
",690,0,0,0,0,1,0,,,,,,0,,5 hours,5 h.,5 hours,5 val.,5 ч.,"Tickets purchased in this website must be registered by tel.: +370 646 29060 or +370 609 86020. Boat trips are organized on VI 11:30, (departure), arrival to Kaunas 16:30.<br />
","Tickets auf dieser Website erworben werden, müssen unter Tel registriert werden: +370 646 29060 oder +370 609 86020. Bootstouren auf VI organisiert 11:30, (Abfahrt), Ankunft in Kaunas 16:30 Uhr.<br />
","Tickets purchased in this website must be registered by tel.: +370 646 29060 or +370 609 86020. Boat trips are organized on VI 11:30, (departure), arrival to Kaunas 16:30.<br />
",Elektroniniu būdu įsigiję bilietus keleiviai turi užsiregistruoti norimam plaukimui tel.: +370 646 29060 arba +370 609 86020.,"Туры организуются на VI 11:30, прибытие в Каунас 16:30. Билеты можно приобрести в интернете или , в туристическом информационном центре (Laisvės al. 36) и на борту.",UAB Nemunas travel,UAB Nemunas travel,UAB Nemunas travel,VšĮ Kaunas IN,UAB Nemunas travel,,,0,1,0,,,,,,,4,,"8,83-16,23 EUR","8,83-16,23 EUR","8,83-16,23 EUR","8,83-16,23 EUR","8,83-16,23 EUR",Kaunas - Kačerginė - Kaunas,KAUNAS - KAČERGINĖ - KAUNAS,Kaunas - Kačerginė - Kaunas,Kaunas - Kačerginė - Kaunas,KAUNAS - KAČERGINĖ - KAUNAS,,,,,,ShopProduct,kaunas-kacergine-kaunas-2,kaunas-kacergine-kaunas,kaunas-kacergine-kaunas-2,kaunas-kacergine-kaunas,kaunas-kacergine-kaunas,21,59,0,0,,,,,,http://visit.kaunas.lt/api/v1/ShopProduct/854.xml
,,,,,,,,,,1,991,"0,00",,,,,,Inherit,Inherit,,,,,,,,,,,,,,,,,,,,,"<p>Departure from Old Town Wharf in Kaunas. The sailing will commence down the stream river Nemunas. During the trip you will enjoy the architecture of the Old Town, the beauty of the confluence of rivers Nemunas and Neris, settlements of  Kaunas District on the banks of river<br><br>Nemunas and river Nevėžis landscapes. After reaching historical town of  Raudondvaris you will have a guided tour to Raudondvaris castle and mantion. It has been built at the beginning of seventeen century and is a Lithuanian architectural monument of Renaissance. After a visit in Raudondvaris for 1.5 hours you will sail back to Kaunas.<br><br><br>Tickets purchased online must be registered by tel. +370 646 29060 or +370 609 86020. Boat trips are organized on VII (Sundays), departure 12:30, arrival 17:30.</p><p> </p>","<p>Während der Fahrt werden Sie die Schönheit der Altstadt von Kaunas, den Zusammenfluss von Nemunas/Memel und Neris, die Siedlungen des Bezirks Kaunas, die Landschaft von Nevėžis sehen. In Raudondvaris werden Sie das Denkmal der Renaissance-Architektur in Litauen vom Beginn des 17. Jahrhunderts - Schloss Raudondvaris besuchen, wo Gräfin Rozalija eine unterhaltsame Exkursion führen wird.</p>","<p>Departure from Old Town Wharf in Kaunas. The sailing will commence down the stream river Nemunas. During the trip you will enjoy the architecture of the Old Town, the beauty of the confluence of rivers Nemunas and Neris, settlements of  Kaunas District on the banks of river<br><br>Nemunas and river Nevėžis landscapes. After reaching historical town of  Raudondvaris you will have a guided tour to Raudondvaris castle and mantion. It has been built at the beginning of seventeen century and is a Lithuanian architectural monument of Renaissance. After a visit in Raudondvaris for 1.5 hours you will sail back to Kaunas.<br><br><br>Tickets purchased online must be registered by tel. +370 646 29060 or +370 609 86020. Boat trips are organized on VII (Sundays), departure 12:30, arrival 17:30.</p><p> </p>","<p>Norintiems turiningai ir įdomiai praleisti sekmadienio popietę - siūlome laivu „Kaunas“ plaukti į Raudondvarį.<br>Palikę Kauno Senamiestį, keliausime žemyn upe, praplaukdami Nemuno ir Neries santaką,  Kauno rajono gyvenvietes. Kelionės metu turėsite galimybę pasigrožėti ne tik Nemuno, bet ir  Nevėžio upės kraštovaizdžiu. Atvykus į  Raudondvarį,   aplankysite  XVII a. pradžios Lietuvos renesanso architektūros paminklą-Raudondvario pilies dvarą. Čia pasitiks grafienė Rozalija ar tarnaitė Felicija, kuri kartu ne tik pasivaikščios,  bet ir papasakos apie didingą dvaro praeitį, jo šeimininkus bei kultūrinį gyvenimą. Raudondvario prieplaukoje laivas lauks Jūsų 1:30val.<br><br>Po įdomios ekskursijos laivu sugrįšite atgal į Kauną. Užsakius laivą grupėms, mokinių kolektyvams, įmonėms, galimi ir kiti maršrutai bei kelionės trukmė.<br><br>Kelionė vykdoma VII (sekmadieniais)<br>Išplaukimas 12:30val, sugrįžimas 17:30val.</p><p>1. Elektroniniu būdu įsigiję bilietus keleiviai turi būti užregistruoti norimam plaukimui tel.: 8 646 29060 arba 8 609 86020.<br>2. Plaukimai laivu ""Kaunas"" vykdomi tik susirinkus 10 žmonių grupei.<br>3. Neįvykus kelionei pageidaujamai datai, Organizatorius (Nemunas Travel, UAB bilietų pirkejui pasiūlo sekančio reiso kelionę.<br>4. Pirkėjai, bilietus įsigiję elektroniniu būdu ir pageidaujantys sąskaitos-faktūros, turi per 2 dienas po bilieto įsigijimo kreiptis į bilietų platintoją telefonu <span>+370 616 23828.</span><br>5. Keleivis privalo atvykti į laivą 15 min prieš kelionę.<br>6. Prieš kelionę keleivis laive privalo pateikti iš Kaunas IN gautą užsakymo sąskaitą, kuri atsiunčiama iš karto po apmokėjimo patvirtinimo.</p>","<p>Bo время путешествия проплывете мимо Каунасского замка, места слияния Немана и Нериса, местечка Лампеджяй, увидите как Невежис впадает в Неман и проводите взглядом городок Раудондварис. Прибыв в Качергине будете иметь 1,5 часа свободного времени для прогулок по городку, обзора местных достопримечательностей и прoсто для отдыха в сосновом лесу. Качергине со старых времен привлекает посетителей красотой природы и чистым сосновым воздухом.</p>","0,00",0,info@kaunasin.lt,info@nemunastravel.lt,info@kaunasin.lt,info@kaunasin.lt,info@nemunastravel.lt,,,,,,,,,,,,,,,,,,,0,,,,,,0,0,0,0,0,0,0,0,855,0,horizantal,,0,1,1,0,0,Kaunas - Raudondvaris - Kaunas,Kaunas - Raudondvaris - Kaunas,Kaunas - Raudondvaris - Kaunas,Kaunas - Raudondvaris - Kaunas,Kaunas - Raudondvaris - Kaunas,,,,,,,106,+370 616 23 828,+370 646 29 060,+370 616 23 828,+370 616 23828,+370 646 29 060,0,,"
",691,0,1,0,1,1,0,,,,,,0,,5 h.,5 h.,5 h.,5 val.,5,"Tickets purchased online must be registered before boat trip: +370 646 29060 or +370 609 86020. <br />
","Tickets online gekauft wurden, müssen nach tel registriert werden. +370 646 29060 oder +370 609 86020. Bootsfahrten auf VII (Sonntag) organisiert, Abfahrt 12.30 Uhr, Ankunft 17:30 Uhr.<br />
Tickets können auch in Kaunas Tourismus-Information erworben werden Zentren Laisvės al. 36 und Kaunas Town Hall, auch auf dem Boot.<br />
<br />
","Tickets purchased online must be registered before boat trip: +370 646 29060 or +370 609 86020. <br />
","Elektroniniu būdu įsigiję bilietus keleiviai turi užsiregistruoti norimam plaukimui tel.: +370 646 29060 arba +370 609 86020.<br />
","Билеты, купленные в Интернете, должны быть зарегистрированы по тел. +370 646 29060 или +370 609 86020. туры организуются на VII (воскресенье), вылет 12:30, прибытие 17:30.<br />
Билеты можно также приобрести в туристическом информационном центре<br />
(Laisvės al. 36, Rotušės a. 15) и на борту.<br />
",VšĮ Kaunas IN,UAB Nemunas ravel,VšĮ Kaunas IN,VšĮ Kaunas IN,UAB Nemunas ravel,,,0,1,0,,,,,,,3,,"8,83-16,23","8,83-16,23","8,83-16,23","8,83-16,23","8,83-16,23 EUR",Kaunas - Raudondvaris - Kaunas,Kaunas - Raudondvaris - Kaunas,Kaunas - Raudondvaris - Kaunas,Kaunas - Raudondvaris - Kaunas,Kaunas - Raudondvaris - Kaunas,,,,,,ShopProduct,kaunas-raudondvaris-kaunas-2,kaunas-raudondvaris-kaunas,kaunas-raudondvaris-kaunas-2,kaunas-raudondvaris-kaunas,kaunas-raudondvaris-kaunas,21,74,0,0,,,,,,http://visit.kaunas.lt/api/v1/ShopProduct/855.xml
,,,,,,,,,,1,0,"13,50",,,,,,Inherit,Inherit,,,,,,,,,,,,,,,,,,,,,"<p>The history of Kaunas is being told in the illustrated book Kaunas Architectural Guide. The book is dedicated to professional researchers as well as to common readers, to everyone who cares about the city and it's elements.</p>",,"<p>The history of Kaunas is being told in the illustrated book Kaunas Architectural Guide. The book is dedicated to professional researchers as well as to common readers, to everyone who cares about the city and it's elements.</p>","<p>Nuotraukomis iliustruota Kauno miesto istorija. Knyga skirta ne tik profesionalams, bet ir tiems, kurie domisi miestu ir jo architektūra. Leidykla <span>„</span>Lapas"". </p><p>Įsigytą knygą galite atsiimti turizmo informacijos centre , Rotušės a. 15, Kaunas.</p>",,"12,40",0,,,,,,,,,,,,,,,,,,,,,,,,0,,,,,,0,0,0,0,0,0,0,0,2692,0,vertical,,0,1,1,0,10435,Kaunas Architectural Guide,,Kaunas Architectural Guide,Knyga „Kaunas Architectural Guide&quot;,,,,,,,,107,+370 616 23828,,+370 616 23828,+370 616 23828,,0,,"
",1960,0,0,0,0,0,0,,,,,,0,,,,,,,,,,,,,,,,,,,0,1,0,,,,,,,9,,,,,,,Kaunas Architectural Guide,,Kaunas Architectural Guide,Knyga „Kaunas Architectural Guide&quot;,,,,,,,ShopProduct,knyga-kaunas-architectural-guide,,knyga-kaunas-architectural-guide,knyga-kaunas-architectural-guide,,9,17,0.3,0,,,,,,http://visit.kaunas.lt/api/v1/ShopProduct/2692.xml
,,,,,,,,,,1,0,"6,50",,,,,,Inherit,Inherit,,,,,,,,,,,,,,,,,,,,,,,,,,"0,00",0,,,,,,,,,,,,,,,,,,,,,,,,1,,,,,,0,0,0,0,0,0,0,0,3150,0,vertical,,1,1,1,1,10471,lavender pillow ,,lavender pillow ,Levandų pagalvėlė,,,,,,,,107,,,,,,0,,"
",2146,0,0,0,0,0,0,,,,,,0,,,,,,,"Lavender pillow.<br />
It is filled with ecological lavender flowers without adding any synthetic scents. <br />
Made from 100% linen, beautifully embroidered. ",,"Lavender pillow.<br />
It is filled with ecological lavender flowers without adding any synthetic scents. <br />
Made from 100% linen, beautifully embroidered. ","„Jaukių namų&quot; levandų pagalvėlė su tautiniais motyvais. Pagaminta iš 100% lino, nuostabiai išsiuvinėta. <br />
Pripildyta ekologiškų levandų žiedų, be jokių sintetinių kvapų.",,,,,,,,,0,1,0,,,,,,,10,,,,,,,lavender pillow ,,lavender pillow ,Levandų pagalvėlė,,,,,,,ShopProduct,lavender-pillow,,lavender-pillow,levandu-pagalvele,,21,5,0.15,0,,,,,,http://visit.kaunas.lt/api/v1/ShopProduct/3150.xml
,,,,,,,,,,1,0,"6,50",,,,,,Inherit,Inherit,,,,,,,,,,,,,,,,,,,,,,,,,,"0,00",0,,,,,,,,,,,,,,,,,,,,,,,,0,,,,,,0,0,0,0,0,0,0,0,2190,0,vertical,,0,1,1,0,10433,lavender pillow &quot;kaunas&quot;,,lavender pillow &quot;kaunas&quot;,Levandų pagalvėlė „Kaunas&quot;,,,,,,,,107,,,,,,0,,"
",1727,0,0,0,0,0,0,,,,,,0,,,,,,,"Lavender pillow &quot;Kaunas&quot;<br />
It is filled with ecological lavender flowers without adding any synthetic scents. <br />
Made from 100% linen, beautifully embroidered. ",,"Lavender pillow &quot;Kaunas&quot;<br />
It is filled with ecological lavender flowers without adding any synthetic scents. <br />
Made from 100% linen, beautifully embroidered. ","„Jaukių namų&quot; levandų pagalvėlė „Kaunas&quot;. Pagaminta iš 100% lino, nuostabiai išsiuvinėta. <br />
Pripildyta ekologiškų levandų žiedų, be jokių sintetinių kvapų.",,,,,,,,,0,1,0,,,,,,,11,,,,,,,lavender pillow &quot;kaunas&quot;,,lavender pillow &quot;kaunas&quot;,Levandų pagalvėlė „Kaunas&quot;,,,,,,,ShopProduct,lavender-pillow-kaunas,,lavender-pillow-kaunas,levandu-pagalvele-kaunas,,21,17,0.2,0,,,,,,http://visit.kaunas.lt/api/v1/ShopProduct/2190.xml
,,,,,,,,,,1,0,"6,50",,,,,,Inherit,Inherit,,,,,,,,,,,,,,,,,,,,,,,,,,"0,00",0,,,,,,,,,,,,,,,,,,,,,,,,0,,,,,,0,0,0,0,0,0,0,0,2192,0,vertical,,0,1,1,0,10434,Lavender pillow with Kaunas picture ,,Lavender pillow with Kaunas picture ,Levandų pagalvėlė „Rotušė&quot;,,,,,,,,107,,,,,,0,,"
",1728,0,0,0,0,0,0,,,,,,0,,,,,,,"Lavender pillow with Kaunas picture.<br />
It is filled with ecological lavender flowers without adding any synthetic scents. <br />
Made from 100% linen, beautifully embroidered.",,"Lavender pillow with Kaunas picture.<br />
It is filled with ecological lavender flowers without adding any synthetic scents. <br />
Made from 100% linen, beautifully embroidered.","„Jaukių namų&quot; levandų pagalvėlė su Kauno vaizdais. Pagaminta iš 100% lino, nuostabiai išsiuvinėta. <br />
Pripildyta ekologiškų levandų žiedų, be jokių sintetinių kvapų.",,,,,,,,,0,1,0,,,,,,,12,,,,,,,Lavender pillow with Kaunas picture ,,Lavender pillow with Kaunas picture ,Levandų pagalvėlė „Rotušė&quot;,,,,,,,ShopProduct,lavender-pillow-with-kaunas-picture,,lavender-pillow-with-kaunas-picture,levandu-pagalvele-su-kauno-vaizdais,,21,11,0,0,,,,,,http://visit.kaunas.lt/api/v1/ShopProduct/2192.xml
,,,,,,,,,,1,0,"3,20",,,,,,Inherit,Inherit,,,,,,,,,,,,,,,,,,,,,,,,,,"0,00",0,,,,,,,,,,,,,,,,,,,,,,,,1,,,,,,0,0,0,0,0,0,0,0,3195,0,horizantal,,1,1,1,1,10785,Magnet „A Bicyclist With a Rose“,,Magnet „A Bicyclist With a Rose“,Magnetukas „Dviratininkas su rože&quot;,,,,,,,,107,,,,,,0,,"
",2179,0,0,0,0,0,0,,,,,,0,,,,,,,"Souvenir Magnet with Kaunas street art view: „A Bicyclist With a Rose“. The author: Tadas Šimkus, 2016 m. <br />
Size 6 cm x 9 cm",,"Souvenir Magnet with Kaunas street art view: „A Bicyclist With a Rose“. The author: Tadas Šimkus, 2016 m. <br />
Size 6 cm x 9 cm","Suvenyras - magnetas su Kauno gatvės meno vaizdais: „Dviratininkas su rože&quot;. Gatvės meno kūrinio autorius Tadas Šimkus, 2016 m. <br />
Išmatavimai 6 cm x 9 cm",,,,,,,,,0,1,0,,,,,,,14,,,,,,,Magnet „A Bicyclist With a Rose“,,Magnet „A Bicyclist With a Rose“,Magnetukas „Dviratininkas su rože&quot;,,,,,,,ShopProduct,magnet-a-bicyclist-with-a-rose,,magnet-a-bicyclist-with-a-rose,kauno-gatves-meno-magnetukas,,21,11,0.1,0,,,,,,http://visit.kaunas.lt/api/v1/ShopProduct/3195.xml
,,,,,,,,,,1,0,"3,20",,,,,,Inherit,Inherit,,,,,,,,,,,,,,,,,,,,,,,,,,"0,00",0,,,,,,,,,,,,,,,,,,,,,,,,1,,,,,,0,0,0,0,0,0,0,0,3253,0,vertical,,0,1,1,0,11194,Magnet „The Old Wiseman“,,Magnet „The Old Wiseman“,Magnetukas „Senelis išminčius&quot;,,,,,,,,107,,,,,,0,,"
",2208,0,0,0,0,0,0,,,,,,0,,,,,,,"Souvenir Magnet with Kaunas street art view: „The old Wiseman“. The author: „Gyva Grafika“, 2013 m. <br />
Size 6 cm x 9 cm",,"Souvenir Magnet with Kaunas street art view: „The old Wiseman“. The author: „Gyva Grafika“, 2013 m. <br />
Size 6 cm x 9 cm","Suvenyras - magnetukas su Kauno gatvės meno vaizdais: &quot;Senelis išminčius&quot;. Gatvės meno kūrinio autoriai &quot;Gyva grafika&quot;, 2013m.<br />
<br />
Išmatavimai 6 cm x 9 cm.",,,,,,,,,0,1,0,,,,,,,15,,,,,,,Magnet „The Old Wiseman“,,Magnet „The Old Wiseman“,Magnetukas „Senelis išminčius&quot;,,,,,,,ShopProduct,magnet,,magnet,magnetukas-senelis-ismincius,,21,6,0.1,0,,,,,,http://visit.kaunas.lt/api/v1/ShopProduct/3253.xml
,,,,,,,,,,1,0,"3,20",,,,,,Inherit,Inherit,,,,,,,,,,,,,,,,,,,,,,,,,,"0,00",0,,,,,,,,,,,,,,,,,,,,,,,,1,,,,,,0,0,0,0,0,0,0,0,3254,0,vertical,,0,1,1,0,11195,Magnet „The Pink Elephant“,,Magnet „The Pink Elephant“,Magnetukas „Rožinis dramblys“,,,,,,,,107,,,,,,0,,"
",2209,0,0,0,0,0,0,,,,,,0,,,,,,,"Souvenir Magnet with Kaunas street art view: „The Pink Elephant“. The author: Vytenis Jakas, 2014 m. <br />
Size 6 cm x 9 cm<br />
",,"Souvenir Magnet with Kaunas street art view: „The Pink Elephant“. The author: Vytenis Jakas, 2014 m. <br />
Size 6 cm x 9 cm<br />
","Suvenyras - magnetukas su Kauno gatvės meno vaizdais: „Rožinis dramblys“. Gatvės meno kūrinio autorius Vytenis Jakas, 2014m.<br />
<br />
Išmatavimai 6 cm x 9 cm.",,,,,,,,,0,1,0,,,,,,,17,,,,,,,Magnet „The Pink Elephant“,,Magnet „The Pink Elephant“,Magnetukas „Rožinis dramblys“,,,,,,,ShopProduct,magnet-the-pink-elephant,,magnet-the-pink-elephant,magnetukas-rozinis-dramblys,,21,7,0.1,0,,,,,,http://visit.kaunas.lt/api/v1/ShopProduct/3254.xml
,,,,,,,,,,1,0,"1,10",,,,,,Inherit,Inherit,,,,,,,,,,,,,,,,,,,,,,,,,,"0,00",0,,,,,,,,,,,,,,,,,,,,,,,,1,,,,,,0,0,0,0,0,0,0,0,3266,0,horizantal,,0,1,1,0,0,Postcard with Kaunas city view 1,,Postcard with Kaunas city view 1,Atvirukas su Kauno miesto vaizdu 1,,,,,,,,107,,,,,,0,,"
",2218,0,0,0,0,0,0,,,,,,0,,,,,,,Postcard &quot;We love Lithuania&quot;,,Postcard &quot;We love Lithuania&quot;,Atvirukas &quot;We love Lithuania&quot;.,,,,,,,,,0,1,0,,,,,,,28,,,,,,,Postcard with Kaunas city view 1,,Postcard with Kaunas city view 1,Atvirukas su Kauno miesto vaizdu 1,,,,,,,ShopProduct,postcard-we-love-lithuania-4,,postcard-we-love-lithuania-4,atvirukas-we-love-lithuania,,21,9,0.1,0,,,,,,http://visit.kaunas.lt/api/v1/ShopProduct/3266.xml
,,,,,,,,,,1,0,"1,10",,,,,,Inherit,Inherit,,,,,,,,,,,,,,,,,,,,,,,,,,"0,00",0,,,,,,,,,,,,,,,,,,,,,,,,1,,,,,,0,0,0,0,0,0,0,0,3267,0,horizantal,,0,1,1,0,0,Postcard with Kaunas city view 2,,Postcard with Kaunas city view 2,Atvirukas su Kauno miesto vaizdu 2,,,,,,,,107,,,,,,0,,"
",2219,0,0,0,0,0,0,,,,,,0,,,,,,,Postcard &quot;We love Lithuania&quot;.,,Postcard &quot;We love Lithuania&quot;.,Atvirukas &quot;We love Lithuania&quot;.,,,,,,,,,0,1,0,,,,,,,29,,,,,,,Postcard with Kaunas city view 2,,Postcard with Kaunas city view 2,Atvirukas su Kauno miesto vaizdu 2,,,,,,,ShopProduct,postcard-we-love-lithuania-5,,postcard-we-love-lithuania-5,atvirukas-we-love-lithuania-2,,21,9,0.1,0,,,,,,http://visit.kaunas.lt/api/v1/ShopProduct/3267.xml
,,,,,,,,,,1,0,"1,10",,,,,,Inherit,Inherit,,,,,,,,,,,,,,,,,,,,,,,,,,"0,00",0,,,,,,,,,,,,,,,,,,,,,,,,1,,,,,,0,0,0,0,0,0,0,0,3263,0,horizantal,,0,1,1,0,0,Postcard with Kaunas view 1,,Postcard with Kaunas view 1,Atvirukas su gamtos vaizdais 1,,,,,,,,107,,,,,,0,,"
",2215,0,0,0,0,0,0,,,,,,0,,,,,,,Postcard &quot;We love Lithuania&quot;.,,Postcard &quot;We love Lithuania&quot;.,Atvirukas &quot;We love Lithuania&quot;.,,,,,,,,,0,1,0,,,,,,,24,,,,,,,Postcard with Kaunas view 1,,Postcard with Kaunas view 1,Atvirukas su gamtos vaizdais 1,,,,,,,ShopProduct,postcard-we-love-lithuania-2,,postcard-we-love-lithuania-2,atvirukas-3,,21,13,0.1,0,,,,,,http://visit.kaunas.lt/api/v1/ShopProduct/3263.xml
,,,,,,,,,,1,0,"1,10",,,,,,Inherit,Inherit,,,,,,,,,,,,,,,,,,,,,,,,,,"0,00",0,,,,,,,,,,,,,,,,,,,,,,,,1,,,,,,0,0,0,0,0,0,0,0,3265,0,horizantal,,0,1,1,0,0,Postcard with Kaunas view 2,,Postcard with Kaunas view 2,Atvirukas su gamtos vaizdais 2,,,,,,,,107,,,,,,0,,"
",2217,0,0,0,0,0,0,,,,,,0,,,,,,,Postcard &quot;We love Lithuania&quot;.,,Postcard &quot;We love Lithuania&quot;.,Atvirukas &quot;We love Lithuania&quot;.,,,,,,,,,0,1,0,,,,,,,27,,,,,,,Postcard with Kaunas view 2,,Postcard with Kaunas view 2,Atvirukas su gamtos vaizdais 2,,,,,,,ShopProduct,postcard-we-love-lithuania-3,,postcard-we-love-lithuania-3,postcard-with,,21,10,0.1,0,,,,,,http://visit.kaunas.lt/api/v1/ShopProduct/3265.xml
,,,,,,,,,,1,0,"1,10",,,,,,Inherit,Inherit,,,,,,,,,,,,,,,,,,,,,,,,,,"0,00",0,,,,,,,,,,,,,,,,,,,,,,,,1,,,,,,0,0,0,0,0,0,0,0,3264,0,horizantal,,0,1,1,0,0,Postcard with Pažaislis Monastery,,Postcard with Pažaislis Monastery,Atvirukas su Pažaislio vienuolyno vaizdu,,,,,,,,107,,,,,,0,,"
",2216,0,0,0,0,0,0,,,,,,0,,,,,,,Postcard &quot;We love Lithuania&quot;.,,Postcard &quot;We love Lithuania&quot;.,Atvirukas &quot;We love Lithuania&quot;.,,,,,,,,,0,1,0,,,,,,,26,,,,,,,Postcard with Pažaislis Monastery,,Postcard with Pažaislis Monastery,Atvirukas su Pažaislio vienuolyno vaizdu,,,,,,,ShopProduct,postcard-we-love-lithuania,,postcard-we-love-lithuania,atvirukas-4,,21,8,0.1,0,,,,,,http://visit.kaunas.lt/api/v1/ShopProduct/3264.xml
,,,,,,,,,,1,0,"1,10",,,,,,Inherit,Inherit,,,,,,,,,,,,,,,,,,,,,,,,,,"0,00",0,,,,,,,,,,,,,,,,,,,,,,,,1,,,,,,0,0,0,0,0,0,0,0,3255,0,horizantal,,0,1,1,0,11270,Postcard „He and She“,,Postcard „He and She“,Atvirukas „Jis ir Ji“,,,,,,,,107,,,,,,0,,"
",2210,0,0,0,0,0,0,,,,,,0,,,,,,,"Postcard with Kaunas street art view „He and She“. The author: Gražvyda Andrijauskaitė, 2016.",,"Postcard with Kaunas street art view „He and She“. The author: Gražvyda Andrijauskaitė, 2016.","Atvirukas su Kauno gatvės meno vaizdais „Jis ir Ji“. Autorė: Gražvyda Andrijauskaitė, 2016m.",,,,,,,,,0,1,0,,,,,,,18,,,,,,,Postcard „He and She“,,Postcard „He and She“,Atvirukas „Jis ir Ji“,,,,,,,ShopProduct,atvirukas,,atvirukas,atvirukas,,21,6,0.1,0,,,,,,http://visit.kaunas.lt/api/v1/ShopProduct/3255.xml
,,,,,,,,,,1,0,"1,10",,,,,,Inherit,Inherit,,,,,,,,,,,,,,,,,,,,,,,,,,"0,00",0,,,,,,,,,,,,,,,,,,,,,,,,1,,,,,,0,0,0,0,0,0,0,0,3259,0,horizantal,,0,1,1,0,11288,Postcard „The Bicyclist with a Rose“,,Postcard „The Bicyclist with a Rose“,Atvirukas „Dviratininkas su Rože“,,,,,,,,107,,,,,,0,,"
",2213,0,0,0,0,0,0,,,,,,0,,,,,,,"Postcard with Kaunas street art view „The Bicyclist With a Rose“. The author:Tadas Šimkus, 2016.",,"Postcard with Kaunas street art view „The Bicyclist With a Rose“. The author:Tadas Šimkus, 2016.","Atvirukas su Kauno gatvės meno vaizdais „Dviratininkas su Rože“. Autorius: Tadas Šimkus, 2016m.",,,,,,,,,0,1,0,,,,,,,23,,,,,,,Postcard „The Bicyclist with a Rose“,,Postcard „The Bicyclist with a Rose“,Atvirukas „Dviratininkas su Rože“,,,,,,,ShopProduct,atvirukas-dviratininkas-su-roze,,atvirukas-dviratininkas-su-roze,atvirukas-dviratininkas-su-roze,,21,5,0.1,0,,,,,,http://visit.kaunas.lt/api/v1/ShopProduct/3259.xml
,,,,,,,,,,1,0,"1,10",,,,,,Inherit,Inherit,,,,,,,,,,,,,,,,,,,,,,,,,,"0,00",0,,,,,,,,,,,,,,,,,,,,,,,,0,,,,,,0,0,0,0,0,0,0,0,3258,0,horizantal,,0,1,1,0,11285,Postcard „The Old Wiseman“,,Postcard „The Old Wiseman“,Atvirukas „Senelis Išminčius“,,,,,,,,107,,,,,,0,,"
",2212,0,0,0,0,0,0,,,,,,0,,,,,,,"Postcard with Kaunas street art view „The Old Wiseman“. The authors „Gyva Grafika“, 2013.",,"Postcard with Kaunas street art view „The Old Wiseman“. The authors „Gyva Grafika“, 2013.","Atvirukas su Kauno gatvės meno vaizdais „Senelis Išminčius“. Autoriai: „Gyva Grafika“, 2013m.",,,,,,,,,0,1,0,,,,,,,21,,,,,,,Postcard „The Old Wiseman“,,Postcard „The Old Wiseman“,Atvirukas „Senelis Išminčius“,,,,,,,ShopProduct,atvirukas-senelis-ismincius,,atvirukas-senelis-ismincius,atvirukas-senelis-ismincius,,21,5,0.1,0,,,,,,http://visit.kaunas.lt/api/v1/ShopProduct/3258.xml
,,,,,,,,,,1,0,"1,10",,,,,,Inherit,Inherit,,,,,,,,,,,,,,,,,,,,,,,,,,"0,00",0,,,,,,,,,,,,,,,,,,,,,,,,1,,,,,,0,0,0,0,0,0,0,0,3257,0,horizantal,,0,1,1,0,11284,Postcard „The Routine of Art“,,Postcard „The Routine of Art“,Atvirukas „Meno Buitis“,,,,,,,,107,,,,,,0,,"
",2211,0,0,0,0,0,0,,,,,,0,,,,,,,"Postcard with Kaunas street art view „The Routine of Art“. The author: Ramunė Barkauskaitė, 2014.",,"Postcard with Kaunas street art view „The Routine of Art“. The author: Ramunė Barkauskaitė, 2014.","Atvirukas su Kauno gatvės meno vaizdais „Meno buitis“. Autorė: Ramunė Barkauskaitė, 2014m.",,,,,,,,,0,1,0,,,,,,,20,,,,,,,Postcard „The Routine of Art“,,Postcard „The Routine of Art“,Atvirukas „Meno Buitis“,,,,,,,ShopProduct,postcard-the-routine-of-art,,postcard-the-routine-of-art,atvirukas-2,,21,4,0.1,0,,,,,,http://visit.kaunas.lt/api/v1/ShopProduct/3257.xml
,,,,,,,,,,1,0,"2,80",,,,,,Inherit,Inherit,,,,,,,,,,,,,,,,,,,,,"<p>Be Kaunastic! A multifunctional scarf will cover you from sun and wind while exploring Kaunas and always remind you of an amazing trip. We came up with 15 ways to use it, I’m sure you’ll figure out even more!<br><br>You can pick up the ordered handbag at Kaunas Tourism information office Rotušės a. 15 or get it by post.</p>",,"<p>Be Kaunastic! A multifunctional scarf will cover you from sun and wind while exploring Kaunas and always remind you of an amazing trip. We came up with 15 ways to use it, I’m sure you’ll figure out even more!<br><br>You can pick up the ordered handbag at Kaunas Tourism information office Rotušės a. 15 or get it by post.</p>","<p>Būk Kaunastiškas! Multifunkcinė skarelė ne tik apsaugos nuo vėjo ar saulės, bet ir taps išskirtine stiliaus detale, kuri primins Kaune patirtus įspūdžius. Mes sugalvojome 15 skarelės panaudojimo būdų, bet neabejojam, kad gali atrasti dar daugiau!<br><br>Užsakytą prekę galite gauti paštu, sumokėję už pašto išlaidas arba atsiimti turizmo informacijos centre adresu Rotušės a. 15. </p>",,"2,31",0,,,,,,,,,,,,,,,,,,,,,,,,0,,,,,,0,0,0,0,0,0,0,0,4089,0,horizantal,,0,1,1,0,0,SCARF „IT&#039;S KAUNASTIC&quot;,,SCARF „IT&#039;S KAUNASTIC&quot;,SKARELĖ „IT&#039;S KAUNASTIC&quot;,,,,,,,,107,,,,,,0,,"
",2833,0,0,0,0,1,0,,,,,,0,,,,,,,"Be Kaunastic! A multifunctional scarf will cover you from sun and wind while exploring Kaunas and always remind you of an amazing trip. We came up with 15 ways to use it, I’m sure you’ll figure out even more!",,"Be Kaunastic! A multifunctional scarf will cover you from sun and wind while exploring Kaunas and always remind you of an amazing trip. We came up with 15 ways to use it, I’m sure you’ll figure out even more!","Būk Kaunastiškas! Multifunkcinė skarelė ne tik apsaugos nuo vėjo ar saulės, bet ir taps išskirtine stiliaus detale, kuri primins Kaune patirtus įspūdžius. Mes sugalvojome 15 skarelės panaudojimo būdų, bet neabejojam, kad gali atrasti dar daugiau!",,,,,,,,,0,1,0,,,,,,,1,,,,,,,SCARF „IT&#039;S KAUNASTIC&quot;,,SCARF „IT&#039;S KAUNASTIC&quot;,SKARELĖ „IT&#039;S KAUNASTIC&quot;,,,,,,,ShopProduct,scarf-its-kaunastic,,scarf-its-kaunastic,skarele-its-kaunastic,,21,10,0.1,0,,,,,,http://visit.kaunas.lt/api/v1/ShopProduct/4089.xml
,,,,,,,,,,1,0,"2,80",,,,,,Inherit,Inherit,,,,,,,,,,,,,,,,,,,,,"<p>Be Kaunastic! A multifunctional scarf will cover you from sun and wind while exploring Kaunas and always remind you of an amazing trip. We came up with 15 ways to use it, I’m sure you’ll figure out even more!<br><br>You can pick up the ordered handbag at Kaunas Tourism information office Rotušės a. 15 or get it by post.</p>",,"<p>Be Kaunastic! A multifunctional scarf will cover you from sun and wind while exploring Kaunas and always remind you of an amazing trip. We came up with 15 ways to use it, I’m sure you’ll figure out even more!<br><br>You can pick up the ordered handbag at Kaunas Tourism information office Rotušės a. 15 or get it by post.</p>","<p>Būk Kaunastiškas! Multifunkcinė skarelė ne tik apsaugos nuo vėjo ar saulės, bet ir taps išskirtine stiliaus detale, kuri primins Kaune patirtus įspūdžius. Mes sugalvojome 15 skarelės panaudojimo būdų, bet neabejojam, kad gali atrasti dar daugiau!<br><br>Užsakytą prekę galite gauti paštu, sumokėję už pašto išlaidas arba atsiimti turizmo informacijos centre adresu Rotušės a. 15. </p>",,"2,31",0,,,,,,,,,,,,,,,,,,,,,,,,0,,,,,,0,0,0,0,0,0,0,0,4090,0,horizantal,,0,1,1,0,0,SCARF „IT&#039;S KAUNASTIC&quot; DARK,,SCARF „IT&#039;S KAUNASTIC&quot; DARK,SKARELĖ „IT&#039;S KAUNASTIC&quot; TAMSI,,,,,,,,107,,,,,,0,,"
",2834,0,0,0,0,0,0,,,,,,0,,,,,,,"Be Kaunastic! A multifunctional scarf will cover you from sun and wind while exploring Kaunas and always remind you of an amazing trip. We came up with 15 ways to use it, I’m sure you’ll figure out even more!",,"Be Kaunastic! A multifunctional scarf will cover you from sun and wind while exploring Kaunas and always remind you of an amazing trip. We came up with 15 ways to use it, I’m sure you’ll figure out even more!","Būk Kaunastiškas! Multifunkcinė skarelė ne tik apsaugos nuo vėjo ar saulės, bet ir taps išskirtine stiliaus detale, kuri primins Kaune patirtus įspūdžius. Mes sugalvojome 15 skarelės panaudojimo būdų, bet neabejojam, kad gali atrasti dar daugiau!",,,,,,,,,0,1,0,,,,,,,2,,,,,,,SCARF „IT&#039;S KAUNASTIC&quot; DARK,,SCARF „IT&#039;S KAUNASTIC&quot; DARK,SKARELĖ „IT&#039;S KAUNASTIC&quot; TAMSI,,,,,,,ShopProduct,scarf-its-kaunastic-dark,,scarf-its-kaunastic-dark,skarele-its-kaunastic-tamsi,,21,9,0,0,,,,,,http://visit.kaunas.lt/api/v1/ShopProduct/4090.xml
,,,,,,,,,,1,0,"14,40",,,,,,Inherit,Inherit,,,,,,,,,,,,,,,,,,,,,"<p>The illustrated map of Kaunas city by grapchic designer Eglė Majauskaitė, size A3 dydis, 30 x 40 cm.</p>",,"<p>The illustrated map of Kaunas city by grapchic designer Eglė Majauskaitė, size A3 dydis, 30 x 40 cm.</p>","<p>Kauno žemėlapis rėmeliuose A3 dydis, išmatavimai 30 x 40 cm. <span>Žemėlapis - Kauno miesto savivaldybės dovana, grafikos dizainerės Eglės Majauskaitės, kūrinys ""Šiuolaikinio Kauno Žemėlapis"". Tai žemėlapis, kuriame pavaizduotas šiandieninis Kaunas – nenuspėjamas, veržlus, stebinantis ir atviras naujovėms.</span></p><p>Prekę atsiimti Kauno rotušės Turizmo informacijos centre, Rotušės a. 15.</p>",,"0,00",0,,,,,,,,,,,,,,,,,,,,,,,,1,,,,,,0,0,0,0,0,0,0,0,2989,0,vertical,,1,1,1,1,9657,The framed illustrated Kaunas map,,The framed illustrated Kaunas map,KAUNO ŽEMĖLAPIS RĖMELIUOSE 30 x 40,,,,,,,,107,,,,,,0,,"
",2087,0,0,0,0,0,0,,,,,,0,,,,,,,,,,,,,,,,,,,0,1,0,,,,,,,13,,,,,,,The framed illustrated Kaunas map,,The framed illustrated Kaunas map,KAUNO ŽEMĖLAPIS RĖMELIUOSE 30 x 40,,,,,,,ShopProduct,the-framed-illustrated-kaunas-map,,the-framed-illustrated-kaunas-map,kauno-zemelapis-remeliuose,,21,31,0,0,,,,,,http://visit.kaunas.lt/api/v1/ShopProduct/2989.xml
,,,,,,,,,,1,0,"0,00",,,,,,Inherit,Inherit,,,,,,,,,,,,,,,,,,,,,"<p>Regular Kaunas city tour to the Pažaislis Monastery with audio guide in English, Russian, Lithuanian, French, German, Norwegian, Swedish, Finnish languages.<br>Tour to Pažaislis Monastery duration 2 hour 20 minutes. Price - 15 Eur.<br><br>Bus timetable:<br><br>III - VI (From Wednesday till Saturday)<br><br>Town Hall                    -   12:40<br>Hotel ""Park Inn""         -   12:50<br>Devil's Museum          -   12:55<br>Hotel ""Kaunas""           -   13:00</p><p><img class=""leftAlone"" title="""" src=""assets/Uploads/_resampled/ResizedImageWzYwMCw1MDZd/kaunas-map5.jpg"" alt=""kaunas map5"" width=""600"" height=""506""></p>",,"<p>Regular Kaunas city tour to the Pažaislis Monastery with audio guide in English, Russian, Lithuanian, French, German, Norwegian, Swedish, Finnish languages.<br>Tour to Pažaislis Monastery duration 2 hour 20 minutes. Price - 15 Eur.<br><br>Bus timetable:<br><br>III - VI (From Wednesday till Saturday)<br><br>Town Hall                    -   12:40<br>Hotel ""Park Inn""         -   12:50<br>Devil's Museum          -   12:55<br>Hotel ""Kaunas""           -   13:00</p><p><img class=""leftAlone"" title="""" src=""assets/Uploads/_resampled/ResizedImageWzYwMCw1MDZd/kaunas-map5.jpg"" alt=""kaunas map5"" width=""600"" height=""506""></p>","<p>Reguliarios Kaunas city tour ekskursijos iki Pažaislio vienuolyno su atviru autobusu  ir audio gidu lietuvių, anglų, rusų, prancūzų, vokiečių, norvegų, suomių, švedų kalbomis.</p><p><span>Ekskursijos į Pažaislio vienuolyną trukmė 2 valandos 20 minučių, kaina 15 Eur.</span><br><br>Autobuso tvarkaraštis:<br><br>III - VI (Nuo trečiadienio iki šeštadienio)<br><br><span>Rotušės aikštė</span>           -         <span>12:40</span><br><span>Viešbutis ""Park Inn""</span>  -        <span>12:50</span><br><span>Velnių muziejus</span>         -        <span>12:55</span><br><span>Viešbutis ""Kaunas""</span>    -        <span>13:00</span></p><p><img class=""leftAlone"" title="""" src=""assets/Uploads/_resampled/ResizedImageWzYwMCw1MDZd/kaunas-map5.jpg"" alt=""kaunas map5"" width=""600"" height=""506""></p>",,"0,00",0,,,,,,,,,,,,,,,,,,,,,,,,1,,,,,,0,0,0,0,0,0,0,0,4125,0,horizantal,,0,1,1,0,0,Tour with audio guide (To the Pažaislis Monastery),,Tour with audio guide (To the Pažaislis Monastery),Ekskursija su atviru autobusu (iki Pažaislio vienuolyno),,,,,,,,105,,,,,,0,,"
",2849,0,0,0,0,0,0,,,,,,0,,,,,,,"Regular Kaunas city tour to the Pažaislis Monastery with audio guide in English, Russian, Lithuanian, French, German, Norwegian, Swedish, Finnish languages.",,"Regular Kaunas city tour to the Pažaislis Monastery with audio guide in English, Russian, Lithuanian, French, German, Norwegian, Swedish, Finnish languages.","Reguliari Kaunas city tour ekskursija iki Pažaislio vienuolyno su atviru autobusu ir audio gidu lietuvių, anglų, rusų, prancūzų, vokiečių, norvegų, suomių, švedų kalbomis. ",,,,,,,,,0,1,0,,,,,,,121,,,,,,,Tour with audio guide (To the Pažaislis Monastery),,Tour with audio guide (To the Pažaislis Monastery),Ekskursija su atviru autobusu (iki Pažaislio vienuolyno),,,,,,,ShopProduct,naujas-parduotuves-objektas-2,,naujas-parduotuves-objektas-2,ekskursija-su-atviru-autobusu-iki-pazaislio-vienuolyno,,21,9,0,0,,,,,,http://visit.kaunas.lt/api/v1/ShopProduct/4125.xml
,,,,,,,,,,1,0,"12,00",,,,,,Inherit,Inherit,,,,,,,,,,,,,,,,,,,,,"<p>Regular Kaunas city tour with audio guide in English, Russian, Lithuanian, French, German, Norwegian, Swedish, Finnish languages.<br>Regular tour duration - 1 hour 10 minutes. Price - 12 Eur.<br><br>Bus timetable:<br><br>III - VI (From Wednesday till Saturday)<br><br>Town Hall                 10:00     -   11:20      -  15:00  -  16:10<br>Hotel ""Park Inn""      10:10     -   11:30      -  15:10 <br>Devil's Museum       10:15     -   11:35     -  15:15 <br>Hotel ""Kaunas""        10:20     -   11:40     -   15:20</p><p>VII (Sunday)<br><br>Town Hall                    10:00     -   11:20   -   <span>12:40*</span>    -  14:20  -  15:40<br>Hotel ""Park Inn""         10:10     -   11:30   -   <span>12:50*</span>    -  14:30   -  15:50<br>Devil's Museum          10:15     -   11:35   -   <span>12:55*</span>    -  14:35  -  15:55<br>Hotel ""Kaunas""           10:20     -   11:40   -   <span>13:00*</span>    -  14:40  -   16:00 <br><br>* 30 minutes stop at Kaunas Town Hall Square during this tour</p><p><img class=""leftAlone"" title="""" src=""assets/Uploads/_resampled/ResizedImageWzYwMCw1MDZd/kaunas-map5.jpg"" alt=""kaunas map5"" width=""600"" height=""506""></p>",,"<p>Regular Kaunas city tour with audio guide in English, Russian, Lithuanian, French, German, Norwegian, Swedish, Finnish languages.<br>Regular tour duration - 1 hour 10 minutes. Price - 12 Eur.<br><br>Bus timetable:<br><br>III - VI (From Wednesday till Saturday)<br><br>Town Hall                 10:00     -   11:20      -  15:00  -  16:10<br>Hotel ""Park Inn""      10:10     -   11:30      -  15:10 <br>Devil's Museum       10:15     -   11:35     -  15:15 <br>Hotel ""Kaunas""        10:20     -   11:40     -   15:20</p><p>VII (Sunday)<br><br>Town Hall                    10:00     -   11:20   -   <span>12:40*</span>    -  14:20  -  15:40<br>Hotel ""Park Inn""         10:10     -   11:30   -   <span>12:50*</span>    -  14:30   -  15:50<br>Devil's Museum          10:15     -   11:35   -   <span>12:55*</span>    -  14:35  -  15:55<br>Hotel ""Kaunas""           10:20     -   11:40   -   <span>13:00*</span>    -  14:40  -   16:00 <br><br>* 30 minutes stop at Kaunas Town Hall Square during this tour</p><p><img class=""leftAlone"" title="""" src=""assets/Uploads/_resampled/ResizedImageWzYwMCw1MDZd/kaunas-map5.jpg"" alt=""kaunas map5"" width=""600"" height=""506""></p>","<p>Reguliarios Kaunas city tour ekskursijos su atviru autobusu ir audio gidu lietuvių, anglų, rusų, prancūzų, vokiečių, norvegų, suomių, švedų kalbomis. <br>Ekskursijos trukmė 1 valanda 10 minučių, kaina - 12 Eur. <br><br>Autobuso tvarkaraštis:<br><br>III - VI (Nuo trečiadienio iki šeštadienio)<br><br>Rotušės aikštė                    10:00     -   11:20  -  15:00  -  16:10<br>Viešbutis ""Park Inn""          10:10     -   11:30   -  15:10 <br>Velnių muziejus                  10:15     -   11:35   - 15:15 <br>Viešbutis ""Kaunas""            10:20     -   11:40   -  15:20 <br><br>VII (Sekmadienis)<br><br>Rotušės aikštė                    10:00     -   11:20   -   12:40*    -  14:20  -  15:40<br>Viešbutis ""Park Inn""          10:10     -   11:30   -   12:50*    -  14:30   -  15:50<br>Velnių muziejus                  10:15     -   11:35   -   12:55*    -  14:35  -  15:55<br>Viešbutis ""Kaunas""            10:20     -   11:40   -   13:00*    -  14:40  -   16:00<br><br>* Žvaigždute pažymėtos ekskursijos metu sustojama 30 min. Rotušės aikštėje.<br><br><img class=""leftAlone"" title="""" src=""assets/Uploads/_resampled/ResizedImageWzYwMCw1MDZd/kaunas-map5.jpg"" alt=""kaunas map5"" width=""600"" height=""506""></p>",,"9,92",0,,,,,,,,,,,,,,,,,,,,,,,,0,,,,,,0,0,0,0,0,0,0,0,4116,0,horizantal,,0,1,1,0,0,TOUR WITH AUDIO GUIDE BUS,,TOUR WITH AUDIO GUIDE BUS,Ekskursija su atviru autobusu,,,,,,,,105,,,,,,0,,"
",2846,0,0,0,0,0,0,,,,,,0,,,,,,,"Regular Kaunas city tour with audio guide in English, Russian, Lithuanian, French, German, Norwegian, Swedish, Finnish languages.",,"Regular Kaunas city tour with audio guide in English, Russian, Lithuanian, French, German, Norwegian, Swedish, Finnish languages.","Reguliarios Kaunas city tour ekskursijos su atviru autobusu ir audio gidu lietuvių, anglų, rusų, prancūzų, vokiečių, norvegų, suomių, švedų kalbomis. ",,,,,,,,,0,1,0,,,,,,,120,,,,,,,TOUR WITH AUDIO GUIDE BUS,,TOUR WITH AUDIO GUIDE BUS,Ekskursija su atviru autobusu,,,,,,,ShopProduct,tour-with-audio-guide-bus,,tour-with-audio-guide-bus,ekskursija-su-atviru-autobusu,,21,11,0,0,,,,,,http://visit.kaunas.lt/api/v1/ShopProduct/4116.xml